scenario,time,from,to
4robot_180s_chain,4.777473,3,2
4robot_180s_chain,4.777473,2,3
4robot_180s_chain,4.897473,2,3
4robot_180s_chain,5.157473,2,4
4robot_180s_chain,6.317473,4,2
4robot_180s_chain,6.437473,2,4
4robot_180s_chain,6.437473,3,2
4robot_180s_chain,6.917473,2,4
4robot_180s_chain,8.017472,2,4
4robot_180s_chain,8.037473,3,2
4robot_180s_chain,8.517472,2,4
4robot_180s_chain,8.577473,3,2
4robot_180s_chain,8.877473,2,3
4robot_180s_chain,9.377473,2,4
4robot_180s_chain,9.417473,3,2
4robot_180s_chain,9.497473,2,3
4robot_180s_chain,9.597473,3,2
4robot_180s_chain,9.977472,4,2
4robot_180s_chain,10.57747,2,3
4robot_180s_chain,10.99747,5,4
4robot_180s_chain,11.13747,4,5
4robot_180s_chain,11.23747,5,4
4robot_180s_chain,11.37747,2,4
4robot_180s_chain,11.45747,4,5
4robot_180s_chain,11.59747,2,4
4robot_180s_chain,11.63747,2,3
4robot_180s_chain,11.69747,4,2
4robot_180s_chain,11.73747,3,2
4robot_180s_chain,11.73747,5,4
4robot_180s_chain,11.87747,4,5
4robot_180s_chain,12.15747,2,3
4robot_180s_chain,12.15747,4,5
4robot_180s_chain,12.41747,4,2
4robot_180s_chain,12.47747,5,4
4robot_180s_chain,12.47747,2,4
4robot_180s_chain,12.69747,5,4
4robot_180s_chain,12.71747,2,3
4robot_180s_chain,12.97747,3,2
4robot_180s_chain,13.15747,4,2
4robot_180s_chain,13.19747,2,3
4robot_180s_chain,13.51747,5,4
4robot_180s_chain,13.57747,4,5
4robot_180s_chain,13.81747,3,2
4robot_180s_chain,13.89747,2,4
4robot_180s_chain,14.03747,5,4
4robot_180s_chain,15.05747,3,2
4robot_180s_chain,15.29747,4,5
4robot_180s_chain,15.41747,5,4
4robot_180s_chain,15.61747,5,4
4robot_180s_chain,15.99747,2,4
4robot_180s_chain,16.19747,2,3
4robot_180s_chain,16.27747,3,2
4robot_180s_chain,16.49747,2,3
4robot_180s_chain,16.51747,2,4
4robot_180s_chain,16.57747,3,2
4robot_180s_chain,16.69747,2,3
4robot_180s_chain,16.75747,3,2
4robot_180s_chain,16.81747,4,2
4robot_180s_chain,18.79747,3,2
4robot_180s_chain,19.09747,3,2
4robot_180s_chain,19.55747,2,3
4robot_180s_chain,19.75747,2,3
4robot_180s_chain,19.77747,4,5
4robot_180s_chain,19.83747,3,2
4robot_180s_chain,21.05747,2,3
4robot_180s_chain,21.25747,2,4
4robot_180s_chain,21.33747,4,5
4robot_180s_chain,21.39747,4,2
4robot_180s_chain,21.95747,3,2
4robot_180s_chain,22.45747,3,2
4robot_180s_chain,22.49747,4,2
4robot_180s_chain,22.65747,2,3
4robot_180s_chain,22.65747,3,2
4robot_180s_chain,23.03747,4,2
4robot_180s_chain,23.27747,2,3
4robot_180s_chain,23.47747,2,3
4robot_180s_chain,23.67747,2,4
4robot_180s_chain,23.87747,4,2
4robot_180s_chain,23.91747,4,5
4robot_180s_chain,24.35747,5,4
4robot_180s_chain,24.53747,2,3
4robot_180s_chain,24.59747,4,2
4robot_180s_chain,24.73747,4,5
4robot_180s_chain,24.91747,5,4
4robot_180s_chain,25.07747,4,5
4robot_180s_chain,25.13747,4,2
4robot_180s_chain,25.79747,2,4
4robot_180s_chain,25.99747,4,2
4robot_180s_chain,26.31747,2,4
4robot_180s_chain,26.57747,2,3
4robot_180s_chain,27.01747,5,4
4robot_180s_chain,27.01747,3,2
4robot_180s_chain,27.11747,4,5
4robot_180s_chain,27.43747,4,5
4robot_180s_chain,27.59747,2,3
4robot_180s_chain,27.73747,3,2
4robot_180s_chain,27.75747,5,4
4robot_180s_chain,27.91747,3,2
4robot_180s_chain,28.25747,3,2
4robot_180s_chain,28.45747,3,2
4robot_180s_chain,28.73747,2,3
4robot_180s_chain,29.35747,5,4
4robot_180s_chain,29.75747,4,5
4robot_180s_chain,30.03747,2,4
4robot_180s_chain,30.07747,4,5
4robot_180s_chain,30.27747,2,4
4robot_180s_chain,30.27747,4,5
4robot_180s_chain,30.57747,2,3
4robot_180s_chain,30.79747,2,4
4robot_180s_chain,30.99747,2,4
4robot_180s_chain,31.09747,4,2
4robot_180s_chain,31.09747,3,2
4robot_180s_chain,31.25747,4,2
4robot_180s_chain,31.75747,4,2
4robot_180s_chain,31.81747,3,2
4robot_180s_chain,32.01747,4,5
4robot_180s_chain,32.09747,2,3
4robot_180s_chain,32.19747,3,2
4robot_180s_chain,32.29747,2,3
4robot_180s_chain,32.37747,5,4
4robot_180s_chain,32.55747,5,4
4robot_180s_chain,32.63747,2,3
4robot_180s_chain,32.67747,2,4
4robot_180s_chain,32.75747,3,2
4robot_180s_chain,33.09747,4,5
4robot_180s_chain,33.27747,3,2
4robot_180s_chain,33.29747,4,5
4robot_180s_chain,33.89747,2,3
4robot_180s_chain,34.03747,4,5
4robot_180s_chain,34.07747,2,3
4robot_180s_chain,34.37747,2,4
4robot_180s_chain,34.63747,2,3
4robot_180s_chain,35.11747,4,5
4robot_180s_chain,35.31747,4,5
4robot_180s_chain,35.39747,5,4
4robot_180s_chain,35.61747,4,2
4robot_180s_chain,35.67747,2,3
4robot_180s_chain,36.15747,4,2
4robot_180s_chain,36.27747,2,4
4robot_180s_chain,37.17747,3,2
4robot_180s_chain,37.53747,4,2
4robot_180s_chain,37.55747,4,5
4robot_180s_chain,37.77747,4,2
4robot_180s_chain,37.93747,3,2
4robot_180s_chain,38.31747,3,2
4robot_180s_chain,38.41747,2,4
4robot_180s_chain,38.47747,4,2
4robot_180s_chain,38.53747,2,3
4robot_180s_chain,38.57747,4,5
4robot_180s_chain,38.63747,3,2
4robot_180s_chain,39.91747,3,2
4robot_180s_chain,40.43747,2,4
4robot_180s_chain,40.45747,2,3
4robot_180s_chain,40.49747,4,5
4robot_180s_chain,40.57747,4,2
4robot_180s_chain,40.61747,2,4
4robot_180s_chain,40.79747,5,4
4robot_180s_chain,40.99747,2,3
4robot_180s_chain,41.05747,4,5
4robot_180s_chain,41.09747,4,2
4robot_180s_chain,41.17747,2,3
4robot_180s_chain,41.23747,4,5
4robot_180s_chain,41.23747,3,2
4robot_180s_chain,41.45747,3,2
4robot_180s_chain,41.53747,5,4
4robot_180s_chain,41.67747,2,4
4robot_180s_chain,41.73747,4,5
4robot_180s_chain,41.83747,5,4
4robot_180s_chain,42.03747,2,3
4robot_180s_chain,42.23747,5,4
4robot_180s_chain,42.37747,2,3
4robot_180s_chain,42.77747,5,4
4robot_180s_chain,42.99747,4,2
4robot_180s_chain,44.71747,2,3
4robot_180s_chain,44.87747,3,2
4robot_180s_chain,44.91747,4,2
4robot_180s_chain,45.21747,4,2
4robot_180s_chain,45.35747,5,4
4robot_180s_chain,45.49747,4,5
4robot_180s_chain,45.73747,5,4
4robot_180s_chain,45.91747,2,4
4robot_180s_chain,45.95747,5,4
4robot_180s_chain,47.73747,5,4
4robot_180s_chain,47.83747,4,2
4robot_180s_chain,48.73747,3,2
4robot_180s_chain,48.81747,5,4
4robot_180s_chain,48.95747,2,4
4robot_180s_chain,49.01747,2,3
4robot_180s_chain,49.23747,3,2
4robot_180s_chain,49.41747,4,2
4robot_180s_chain,49.45747,3,2
4robot_180s_chain,50.11747,2,3
4robot_180s_chain,50.37747,5,4
4robot_180s_chain,50.51747,4,5
4robot_180s_chain,50.61747,5,4
4robot_180s_chain,51.03747,4,5
4robot_180s_chain,51.25747,4,5
4robot_180s_chain,51.31747,5,4
4robot_180s_chain,51.49747,2,3
4robot_180s_chain,51.55747,4,5
4robot_180s_chain,52.09747,4,5
4robot_180s_chain,52.17747,5,4
4robot_180s_chain,52.55747,4,2
4robot_180s_chain,52.65747,4,5
4robot_180s_chain,52.95747,3,2
4robot_180s_chain,53.15747,2,4
4robot_180s_chain,53.21747,5,4
4robot_180s_chain,53.65747,4,2
4robot_180s_chain,53.83747,4,2
4robot_180s_chain,53.93747,5,4
4robot_180s_chain,54.67747,5,4
4robot_180s_chain,55.03747,2,4
4robot_180s_chain,55.47747,3,2
4robot_180s_chain,55.59747,2,4
4robot_180s_chain,55.87747,4,2
4robot_180s_chain,55.87747,2,4
4robot_180s_chain,55.93747,4,5
4robot_180s_chain,56.39747,2,3
4robot_180s_chain,56.73747,2,4
4robot_180s_chain,57.11747,2,3
4robot_180s_chain,57.45747,2,3
4robot_180s_chain,57.53747,4,2
4robot_180s_chain,57.59747,2,4
4robot_180s_chain,57.63747,2,3
4robot_180s_chain,57.73747,4,2
4robot_180s_chain,57.87747,1,2
4robot_180s_chain,57.97747,2,3
4robot_180s_chain,58.31747,2,4
4robot_180s_chain,58.59747,4,5
4robot_180s_chain,58.65747,2,4
4robot_180s_chain,58.69747,5,4
4robot_180s_chain,59.11747,4,2
4robot_180s_chain,59.19747,5,4
4robot_180s_chain,59.35747,2,3
4robot_180s_chain,60.11747,2,4
4robot_180s_chain,60.23747,3,2
4robot_180s_chain,60.29747,2,3
4robot_180s_chain,60.31747,2,4
4robot_180s_chain,60.57747,4,2
4robot_180s_chain,60.75747,3,2
4robot_180s_chain,60.79747,2,3
4robot_180s_chain,60.93747,3,2
4robot_180s_chain,61.15747,2,4
4robot_180s_chain,61.69747,3,2
4robot_180s_chain,61.81747,4,2
4robot_180s_chain,61.85747,3,2
4robot_180s_chain,62.01747,2,3
4robot_180s_chain,62.01747,4,2
4robot_180s_chain,62.71747,5,4
4robot_180s_chain,63.09747,4,5
4robot_180s_chain,63.35747,3,2
4robot_180s_chain,65.11747,3,2
4robot_180s_chain,65.17747,2,3
4robot_180s_chain,65.41747,3,2
4robot_180s_chain,66.17747,2,4
4robot_180s_chain,66.37747,2,4
4robot_180s_chain,67.29747,4,2
4robot_180s_chain,67.59747,5,4
4robot_180s_chain,67.85747,2,3
4robot_180s_chain,67.93747,3,2
4robot_180s_chain,68.03747,4,5
4robot_180s_chain,68.17747,2,3
4robot_180s_chain,68.27747,3,2
4robot_180s_chain,68.41747,2,4
4robot_180s_chain,69.51747,5,4
4robot_180s_chain,70.07747,2,4
4robot_180s_chain,70.27747,5,4
4robot_180s_chain,70.27747,2,4
4robot_180s_chain,70.75747,2,3
4robot_180s_chain,71.55747,4,5
4robot_180s_chain,71.65747,2,4
4robot_180s_chain,72.03747,5,4
4robot_180s_chain,72.11747,4,5
4robot_180s_chain,72.41747,4,5
4robot_180s_chain,72.57747,5,4
4robot_180s_chain,72.57747,3,2
4robot_180s_chain,72.75747,5,4
4robot_180s_chain,73.29747,5,4
4robot_180s_chain,73.69747,4,5
4robot_180s_chain,73.73747,2,3
4robot_180s_chain,73.83747,5,4
4robot_180s_chain,74.03747,5,4
4robot_180s_chain,74.09747,4,2
4robot_180s_chain,74.23747,4,5
4robot_180s_chain,74.63747,4,2
4robot_180s_chain,74.87747,5,4
4robot_180s_chain,75.43747,4,5
4robot_180s_chain,75.47747,4,2
4robot_180s_chain,75.69747,5,4
4robot_180s_chain,76.79747,4,5
4robot_180s_chain,76.83747,2,3
4robot_180s_chain,77.27747,5,4
4robot_180s_chain,77.77747,3,2
4robot_180s_chain,77.81747,5,4
4robot_180s_chain,78.49747,2,4
4robot_180s_chain,79.01747,2,4
4robot_180s_chain,79.15747,2,3
4robot_180s_chain,79.35747,2,4
4robot_180s_chain,79.39747,2,3
4robot_180s_chain,79.55747,2,4
4robot_180s_chain,79.63747,4,2
4robot_180s_chain,79.79747,4,5
4robot_180s_chain,79.89747,2,3
4robot_180s_chain,79.91747,5,4
4robot_180s_chain,79.99747,4,5
4robot_180s_chain,80.11747,5,4
4robot_180s_chain,80.51747,4,5
4robot_180s_chain,81.01747,3,2
4robot_180s_chain,81.91747,2,3
4robot_180s_chain,82.09747,4,2
4robot_180s_chain,83.11747,2,4
4robot_180s_chain,83.57747,5,4
4robot_180s_chain,84.01747,3,2
4robot_180s_chain,84.17747,4,2
4robot_180s_chain,84.21747,3,2
4robot_180s_chain,84.35747,5,4
4robot_180s_chain,84.77747,3,2
4robot_180s_chain,85.05747,2,3
4robot_180s_chain,85.09747,4,2
4robot_180s_chain,85.23747,2,4
4robot_180s_chain,85.37747,5,4
4robot_180s_chain,85.39747,2,3
4robot_180s_chain,85.63747,4,5
4robot_180s_chain,85.85747,4,2
4robot_180s_chain,86.25747,2,3
4robot_180s_chain,87.49747,4,5
4robot_180s_chain,87.61747,5,4
4robot_180s_chain,87.63747,2,3
4robot_180s_chain,87.97747,2,4
4robot_180s_chain,88.27747,4,5
4robot_180s_chain,88.33747,5,4
4robot_180s_chain,88.73747,4,2
4robot_180s_chain,88.79747,3,2
4robot_180s_chain,88.85747,5,4
4robot_180s_chain,88.99747,3,2
4robot_180s_chain,89.19747,2,4
4robot_180s_chain,89.19747,2,3
4robot_180s_chain,89.39747,5,4
4robot_180s_chain,89.39747,2,4
4robot_180s_chain,89.55747,2,3
4robot_180s_chain,89.63747,2,4
4robot_180s_chain,89.63747,4,2
4robot_180s_chain,89.87747,4,2
4robot_180s_chain,89.99747,5,4
4robot_180s_chain,90.07747,2,3
4robot_180s_chain,91.23747,4,2
4robot_180s_chain,91.45747,4,5
4robot_180s_chain,91.45747,4,2
4robot_180s_chain,91.63747,4,5
4robot_180s_chain,91.79747,3,2
4robot_180s_chain,91.85747,2,4
4robot_180s_chain,92.05747,2,3
4robot_180s_chain,92.21747,5,4
4robot_180s_chain,92.25747,4,5
4robot_180s_chain,92.51747,4,5
4robot_180s_chain,92.51747,4,2
4robot_180s_chain,92.51747,3,2
4robot_180s_chain,92.77747,5,4
4robot_180s_chain,92.79747,4,5
4robot_180s_chain,92.95747,3,2
4robot_180s_chain,92.99747,4,5
4robot_180s_chain,93.01747,2,3
4robot_180s_chain,93.65747,4,5
4robot_180s_chain,93.85747,2,3
4robot_180s_chain,94.15747,4,5
4robot_180s_chain,94.19747,2,3
4robot_180s_chain,94.41747,2,3
4robot_180s_chain,94.71747,4,5
4robot_180s_chain,94.91747,4,5
4robot_180s_chain,94.95747,4,2
4robot_180s_chain,95.23747,2,3
4robot_180s_chain,95.45747,4,5
4robot_180s_chain,95.67747,3,2
4robot_180s_chain,95.83747,4,2
4robot_180s_chain,95.93747,5,4
4robot_180s_chain,96.09747,3,2
4robot_180s_chain,96.41747,3,2
4robot_180s_chain,96.49747,4,5
4robot_180s_chain,96.77747,5,4
4robot_180s_chain,97.35747,4,2
4robot_180s_chain,97.61747,5,4
4robot_180s_chain,97.73747,4,5
4robot_180s_chain,98.15747,5,4
4robot_180s_chain,98.29747,4,5
4robot_180s_chain,98.37747,4,2
4robot_180s_chain,99.39747,5,4
4robot_180s_chain,99.51747,4,2
4robot_180s_chain,99.67747,4,5
4robot_180s_chain,99.85747,4,5
4robot_180s_chain,100.3975,2,4
4robot_180s_chain,100.7975,5,4
4robot_180s_chain,100.8975,4,2
4robot_180s_chain,100.9375,4,5
4robot_180s_chain,101.1375,2,4
4robot_180s_chain,101.1775,2,3
4robot_180s_chain,101.2375,4,5
4robot_180s_chain,101.2975,3,2
4robot_180s_chain,101.3375,5,4
4robot_180s_chain,101.4175,4,5
4robot_180s_chain,101.6575,2,4
4robot_180s_chain,101.9575,3,2
4robot_180s_chain,101.9575,4,5
4robot_180s_chain,102.0175,4,2
4robot_180s_chain,102.3775,5,4
4robot_180s_chain,102.5175,2,3
4robot_180s_chain,102.6975,3,2
4robot_180s_chain,102.7375,2,3
4robot_180s_chain,102.9775,3,2
4robot_180s_chain,103.3775,4,5
4robot_180s_chain,103.3975,4,2
4robot_180s_chain,103.7375,3,2
4robot_180s_chain,104.3375,2,4
4robot_180s_chain,104.5375,2,4
4robot_180s_chain,105.0975,2,4
4robot_180s_chain,105.1575,4,2
4robot_180s_chain,105.2975,4,5
4robot_180s_chain,105.6175,2,4
4robot_180s_chain,106.1575,2,3
4robot_180s_chain,106.4775,2,3
4robot_180s_chain,107.3375,5,4
4robot_180s_chain,107.4975,4,5
4robot_180s_chain,107.5575,2,3
4robot_180s_chain,107.5775,5,4
4robot_180s_chain,107.9575,2,4
4robot_180s_chain,108.0975,2,3
4robot_180s_chain,108.2175,4,2
4robot_180s_chain,108.3975,4,2
4robot_180s_chain,108.4975,2,3
4robot_180s_chain,108.7975,3,2
4robot_180s_chain,108.9375,4,2
4robot_180s_chain,108.9775,5,4
4robot_180s_chain,109.3575,4,2
4robot_180s_chain,109.4975,5,4
4robot_180s_chain,109.9775,2,3
4robot_180s_chain,110.0575,5,4
4robot_180s_chain,110.5575,5,4
4robot_180s_chain,110.9575,5,4
4robot_180s_chain,111.0375,4,2
4robot_180s_chain,111.3575,2,4
4robot_180s_chain,111.3575,2,3
4robot_180s_chain,111.6575,3,2
4robot_180s_chain,112.2175,4,2
4robot_180s_chain,112.3375,5,4
4robot_180s_chain,112.5175,2,4
4robot_180s_chain,112.7375,2,3
4robot_180s_chain,112.8575,5,4
4robot_180s_chain,113.0575,5,4
4robot_180s_chain,113.2975,2,3
4robot_180s_chain,113.9775,4,5
4robot_180s_chain,114.1575,2,3
4robot_180s_chain,114.1975,4,5
4robot_180s_chain,114.3575,4,5
4robot_180s_chain,114.7175,4,5
4robot_180s_chain,114.9975,5,4
4robot_180s_chain,115.2175,2,3
4robot_180s_chain,115.4775,3,2
4robot_180s_chain,115.6975,3,2
4robot_180s_chain,115.7175,2,3
4robot_180s_chain,115.8575,5,4
4robot_180s_chain,115.9975,3,2
4robot_180s_chain,116.0775,4,5
4robot_180s_chain,116.2175,3,2
4robot_180s_chain,116.3175,4,5
4robot_180s_chain,116.3775,5,4
4robot_180s_chain,116.5375,3,2
4robot_180s_chain,116.9975,2,3
4robot_180s_chain,117.0375,3,2
4robot_180s_chain,117.1775,2,3
4robot_180s_chain,117.5775,3,2
4robot_180s_chain,117.7375,2,4
4robot_180s_chain,117.9375,4,2
4robot_180s_chain,118.0175,4,5
4robot_180s_chain,118.2975,3,2
4robot_180s_chain,118.5175,4,5
4robot_180s_chain,118.9575,4,2
4robot_180s_chain,119.0375,2,3
4robot_180s_chain,119.1575,4,2
4robot_180s_chain,119.3175,3,2
4robot_180s_chain,119.4575,5,4
4robot_180s_chain,120.1575,4,5
4robot_180s_chain,121.2975,3,2
4robot_180s_chain,121.8775,4,2
4robot_180s_chain,121.9375,2,3
4robot_180s_chain,121.9775,2,4
4robot_180s_chain,122.0375,3,2
4robot_180s_chain,122.0975,2,3
4robot_180s_chain,122.9975,4,2
4robot_180s_chain,123.1175,2,3
4robot_180s_chain,123.4975,2,4
4robot_180s_chain,124.7575,2,4
4robot_180s_chain,124.8375,4,5
4robot_180s_chain,125.1975,2,3
4robot_180s_chain,125.4175,2,3
4robot_180s_chain,125.4575,5,4
4robot_180s_chain,125.4575,3,2
4robot_180s_chain,125.5775,4,5
4robot_180s_chain,125.7775,2,4
4robot_180s_chain,125.9775,3,2
4robot_180s_chain,126.0975,4,5
4robot_180s_chain,127.3375,5,4
4robot_180s_chain,128.0575,2,4
4robot_180s_chain,128.8975,2,4
4robot_180s_chain,129.1175,4,2
4robot_180s_chain,129.2175,2,3
4robot_180s_chain,129.5175,2,3
4robot_180s_chain,129.9575,2,4
4robot_180s_chain,130.6375,5,4
4robot_180s_chain,130.7775,2,4
4robot_180s_chain,131.3375,2,4
4robot_180s_chain,131.4775,5,4
4robot_180s_chain,132.0175,2,3
4robot_180s_chain,132.5775,4,5
4robot_180s_chain,132.8775,2,4
4robot_180s_chain,133.1575,2,3
4robot_180s_chain,133.7175,2,3
4robot_180s_chain,133.7575,3,2
4robot_180s_chain,133.8375,2,4
4robot_180s_chain,134.1175,4,2
4robot_180s_chain,134.2175,2,3
4robot_180s_chain,134.2575,1,2
4robot_180s_chain,134.4575,3,2
4robot_180s_chain,134.5575,2,3
4robot_180s_chain,134.9175,4,5
4robot_180s_chain,135.1975,3,2
4robot_180s_chain,135.2975,2,3
4robot_180s_chain,135.9375,2,4
4robot_180s_chain,136.0375,2,3
4robot_180s_chain,136.1375,5,4
4robot_180s_chain,136.2575,3,2
4robot_180s_chain,136.5775,2,3
4robot_180s_chain,136.6775,4,5
4robot_180s_chain,136.8375,4,2
4robot_180s_chain,137.1975,4,5
4robot_180s_chain,137.5375,3,2
4robot_180s_chain,138.4575,2,3
4robot_180s_chain,139.7575,3,2
4robot_180s_chain,140.1175,4,2
4robot_180s_chain,140.1575,3,2
4robot_180s_chain,140.3175,4,2
4robot_180s_chain,140.4175,2,3
4robot_180s_chain,140.7775,2,4
4robot_180s_chain,141.7775,2,3
4robot_180s_chain,142.0375,2,4
4robot_180s_chain,142.0975,4,2
4robot_180s_chain,142.3375,2,3
4robot_180s_chain,142.7975,3,2
4robot_180s_chain,142.8975,2,4
4robot_180s_chain,143.3975,2,4
4robot_180s_chain,143.7975,4,2
4robot_180s_chain,144.0975,5,4
4robot_180s_chain,144.2175,2,3
4robot_180s_chain,144.4375,2,4
4robot_180s_chain,144.8375,2,4
4robot_180s_chain,144.9775,2,3
4robot_180s_chain,145.0775,4,2
4robot_180s_chain,145.1975,2,4
4robot_180s_chain,145.2575,3,2
4robot_180s_chain,145.7775,3,2
4robot_180s_chain,146.0775,5,4
4robot_180s_chain,146.1375,4,2
4robot_180s_chain,146.2775,5,4
4robot_180s_chain,146.5375,4,5
4robot_180s_chain,146.7175,3,2
4robot_180s_chain,146.9575,2,4
4robot_180s_chain,147.1575,2,4
4robot_180s_chain,147.2775,4,5
4robot_180s_chain,147.3975,4,2
4robot_180s_chain,147.7175,4,2
4robot_180s_chain,148.2775,4,2
4robot_180s_chain,148.4375,3,2
4robot_180s_chain,148.5775,4,2
4robot_180s_chain,148.6175,3,2
4robot_180s_chain,148.7175,2,4
4robot_180s_chain,148.7975,4,2
4robot_180s_chain,148.8975,5,4
4robot_180s_chain,148.9975,4,5
4robot_180s_chain,149.0975,5,4
4robot_180s_chain,149.2375,2,3
4robot_180s_chain,149.3375,4,5
4robot_180s_chain,149.4175,5,4
4robot_180s_chain,149.4975,4,5
4robot_180s_chain,149.7375,2,4
4robot_180s_chain,149.9375,4,2
4robot_180s_chain,149.9975,2,4
4robot_180s_chain,150.1175,5,4
4robot_180s_chain,150.6375,5,4
4robot_180s_chain,150.8375,5,4
4robot_180s_chain,150.9975,2,4
4robot_180s_chain,151.3975,2,4
4robot_180s_chain,151.5175,4,2
4robot_180s_chain,151.9375,2,4
4robot_180s_chain,152.3775,4,2
4robot_180s_chain,152.4375,3,2
4robot_180s_chain,152.5975,4,2
4robot_180s_chain,153.3575,5,4
4robot_180s_chain,153.4575,3,2
4robot_180s_chain,153.5775,4,2
4robot_180s_chain,153.9575,3,2
4robot_180s_chain,154.0975,5,4
4robot_180s_chain,154.3175,2,4
4robot_180s_chain,154.5575,4,5
4robot_180s_chain,154.6375,5,4
4robot_180s_chain,154.8575,4,2
4robot_180s_chain,155.1975,3,2
4robot_180s_chain,155.2575,4,2
4robot_180s_chain,155.3575,2,4
4robot_180s_chain,156.2375,2,4
4robot_180s_chain,156.2375,5,4
4robot_180s_chain,156.3775,2,4
4robot_180s_chain,156.9175,2,4
4robot_180s_chain,157.2775,4,5
4robot_180s_chain,157.3575,2,3
4robot_180s_chain,158.3575,4,2
4robot_180s_chain,158.4175,3,2
4robot_180s_chain,158.8775,4,5
4robot_180s_chain,159.4375,4,5
4robot_180s_chain,159.6175,4,5
4robot_180s_chain,159.6575,5,4
4robot_180s_chain,159.6575,2,4
4robot_180s_chain,160.0575,5,4
4robot_180s_chain,160.1375,4,2
4robot_180s_chain,160.1775,4,5
4robot_180s_chain,160.3775,5,4
4robot_180s_chain,160.4775,4,2
4robot_180s_chain,160.6575,4,2
4robot_180s_chain,160.6775,4,5
4robot_180s_chain,160.9175,2,4
4robot_180s_chain,160.9975,4,2
4robot_180s_chain,162.0975,3,2
4robot_180s_chain,162.3175,2,4
4robot_180s_chain,162.3575,5,4
4robot_180s_chain,162.5175,2,4
4robot_180s_chain,162.5975,4,5
4robot_180s_chain,162.7175,2,4
4robot_180s_chain,162.7775,4,2
4robot_180s_chain,162.9375,1,2
4robot_180s_chain,162.9775,4,2
4robot_180s_chain,163.0575,5,4
4robot_180s_chain,163.3975,5,4
4robot_180s_chain,163.7575,2,4
4robot_180s_chain,163.9775,4,5
4robot_180s_chain,164.1975,4,5
4robot_180s_chain,164.5775,4,2
4robot_180s_chain,164.6575,5,4
4robot_180s_chain,165.0975,2,3
4robot_180s_chain,165.0975,4,2
4robot_180s_chain,165.2375,2,4
4robot_180s_chain,165.2975,4,2
4robot_180s_chain,166.3975,2,4
4robot_180s_chain,167.2975,2,4
4robot_180s_chain,167.3975,5,4
4robot_180s_chain,167.4375,2,4
4robot_180s_chain,167.6175,3,2
4robot_180s_chain,167.8375,5,4
4robot_180s_chain,168.0375,5,4
4robot_180s_chain,168.3175,4,5
4robot_180s_chain,168.6375,3,2
4robot_180s_chain,168.6375,2,3
4robot_180s_chain,168.7375,2,4
4robot_180s_chain,168.8775,5,4
4robot_180s_chain,168.9375,2,4
4robot_180s_chain,169.0775,5,4
4robot_180s_chain,169.2175,4,5
4robot_180s_chain,169.3375,4,2
4robot_180s_chain,169.5375,4,2
4robot_180s_chain,170.2775,2,4
4robot_180s_chain,170.5175,2,4
4robot_180s_chain,170.5775,4,2
4robot_180s_chain,171.3375,4,2
4robot_180s_chain,171.4175,2,3
4robot_180s_chain,171.4975,3,2
4robot_180s_chain,172.1375,2,3
4robot_180s_chain,172.4375,3,2
4robot_180s_chain,172.4375,4,5
4robot_180s_chain,172.6575,2,3
4robot_180s_chain,172.7575,3,2
4robot_180s_chain,172.9175,3,2
4robot_180s_chain,172.9375,2,3
4robot_180s_chain,173.4575,4,5
4robot_180s_chain,173.5175,2,3
4robot_180s_chain,173.5775,5,4
4robot_180s_chain,173.6175,4,2
4robot_180s_chain,173.7175,2,3
4robot_180s_chain,173.7975,4,5
4robot_180s_chain,173.7975,4,2
4robot_180s_chain,173.8975,2,4
4robot_180s_chain,173.9575,5,4
4robot_180s_chain,173.9975,4,5
4robot_180s_chain,174.1375,2,4
4robot_180s_chain,174.2175,4,5
4robot_180s_chain,174.2175,2,3
4robot_180s_chain,174.3375,2,4
4robot_180s_chain,174.5575,4,2
4robot_180s_chain,174.7175,4,5
4robot_180s_chain,174.8375,2,4
4robot_180s_chain,174.9775,5,4
4robot_180s_chain,175.3575,2,4
4robot_180s_chain,175.8975,4,5
4robot_180s_chain,176.3375,2,3
4robot_180s_chain,176.6375,2,3
4robot_180s_chain,176.7575,2,4
4robot_180s_chain,177.1775,4,5
4robot_180s_chain,177.2975,3,2
4robot_180s_chain,177.6175,4,2
4robot_180s_chain,177.7375,2,3
4robot_180s_chain,178.1375,4,2
4robot_180s_chain,178.7375,2,4
4robot_180s_chain,178.7975,5,4
4robot_180s_chain,178.8575,3,2
4robot_180s_chain,178.9575,2,4
4robot_180s_chain,179.4975,2,4
4robot_180s_chain,179.4975,4,5
4robot_180s_chain,179.7375,4,5
4robot_180s_chain,179.8575,2,3
4robot_180s_chain,180.0175,2,4
4robot_180s_chain,180.1175,3,2
4robot_180s_chain,180.3175,2,4
4robot_180s_chain,180.3775,5,4
4robot_180s_chain,180.8575,2,4
4robot_180s_chain,181.3775,2,4
4robot_180s_chain,181.8175,3,2
4robot_180s_chain,181.9575,4,5
4robot_180s_chain,182.2575,2,4
4robot_180s_chain,182.2975,4,5
4robot_180s_chain,182.4575,2,4
4robot_180s_chain,182.4975,4,2
4robot_180s_chain,183.0575,4,2
4robot_180s_ring,2.415976,3,5
4robot_180s_ring,4.375976,2,4
4robot_180s_ring,4.575976,5,4
4robot_180s_ring,4.595976,2,3
4robot_180s_ring,5.315976,5,4
4robot_180s_ring,6.595976,2,4
4robot_180s_ring,7.575976,4,3
4robot_180s_ring,8.255976,4,5
4robot_180s_ring,8.835976,5,4
4robot_180s_ring,8.835976,2,4
4robot_180s_ring,11.19598,3,2
4robot_180s_ring,11.49598,3,2
4robot_180s_ring,11.69598,3,2
4robot_180s_ring,11.79598,2,4
4robot_180s_ring,11.87598,3,2
4robot_180s_ring,12.95598,4,5
4robot_180s_ring,13.79598,4,5
4robot_180s_ring,14.31598,4,5
4robot_180s_ring,14.83598,2,3
4robot_180s_ring,14.87598,4,5
4robot_180s_ring,15.33598,2,3
4robot_180s_ring,15.69598,3,5
4robot_180s_ring,17.07598,3,5
4robot_180s_ring,17.73598,2,4
4robot_180s_ring,17.91598,3,5
4robot_180s_ring,18.29597,2,4
4robot_180s_ring,19.15598,2,3
4robot_180s_ring,20.03598,2,4
4robot_180s_ring,20.21597,2,4
4robot_180s_ring,20.29597,3,5
4robot_180s_ring,20.41598,2,4
4robot_180s_ring,20.79597,3,5
4robot_180s_ring,21.97598,3,5
4robot_180s_ring,22.33598,3,2
4robot_180s_ring,25.25598,3,5
4robot_180s_ring,25.53598,5,4
4robot_180s_ring,25.53598,2,4
4robot_180s_ring,27.51598,3,5
4robot_180s_ring,28.43598,3,2
4robot_180s_ring,28.61598,3,2
4robot_180s_ring,29.05597,2,4
4robot_180s_ring,29.33598,3,5
4robot_180s_ring,29.55597,2,4
4robot_180s_ring,30.07598,2,4
4robot_180s_ring,30.83598,5,4
4robot_180s_ring,30.99598,2,3
4robot_180s_ring,31.29597,2,3
4robot_180s_ring,31.45597,5,4
4robot_180s_ring,31.49598,2,4
4robot_180s_ring,31.65598,5,4
4robot_180s_ring,32.63597,3,5
4robot_180s_ring,32.73598,5,4
4robot_180s_ring,33.47598,3,5
4robot_180s_ring,33.97598,3,5
4robot_180s_ring,34.21598,4,5
4robot_180s_ring,35.75597,3,5
4robot_180s_ring,38.75597,3,5
4robot_180s_ring,38.79597,4,3
4robot_180s_ring,38.97598,3,5
4robot_180s_ring,38.97598,3,2
4robot_180s_ring,39.33598,4,3
4robot_180s_ring,39.65598,2,4
4robot_180s_ring,39.87598,4,3
4robot_180s_ring,40.41597,3,5
4robot_180s_ring,41.51598,3,2
4robot_180s_ring,42.69598,5,4
4robot_180s_ring,43.41597,3,5
4robot_180s_ring,44.05598,2,3
4robot_180s_ring,45.65598,2,3
4robot_180s_ring,46.01598,5,4
4robot_180s_ring,46.39597,2,3
4robot_180s_ring,46.53598,5,4
4robot_180s_ring,46.63597,3,2
4robot_180s_ring,46.63597,4,5
4robot_180s_ring,46.83598,3,5
4robot_180s_ring,47.03598,5,4
4robot_180s_ring,47.39597,3,2
4robot_180s_ring,47.43597,2,3
4robot_180s_ring,47.61597,2,4
4robot_180s_ring,47.97598,2,3
4robot_180s_ring,48.11597,3,2
4robot_180s_ring,48.17598,2,3
4robot_180s_ring,48.21598,3,5
4robot_180s_ring,48.63597,5,4
4robot_180s_ring,51.19598,3,2
4robot_180s_ring,51.33598,3,5
4robot_180s_ring,51.75597,2,4
4robot_180s_ring,51.85598,3,5
4robot_180s_ring,51.97598,5,4
4robot_180s_ring,52.17598,5,4
4robot_180s_ring,52.49598,5,4
4robot_180s_ring,52.67598,2,3
4robot_180s_ring,52.87598,3,2
4robot_180s_ring,53.01598,2,4
4robot_180s_ring,53.37598,2,3
4robot_180s_ring,54.09597,4,5
4robot_180s_ring,54.09597,3,2
4robot_180s_ring,54.27597,3,5
4robot_180s_ring,54.33598,3,2
4robot_180s_ring,55.45597,2,4
4robot_180s_ring,56.21597,5,4
4robot_180s_ring,56.67598,2,3
4robot_180s_ring,57.19598,2,4
4robot_180s_ring,57.27597,3,5
4robot_180s_ring,58.55597,2,4
4robot_180s_ring,59.27597,2,4
4robot_180s_ring,59.33598,2,3
4robot_180s_ring,59.41597,3,5
4robot_180s_ring,60.29597,3,2
4robot_180s_ring,60.55597,5,4
4robot_180s_ring,60.85598,5,4
4robot_180s_ring,61.37598,5,4
4robot_180s_ring,62.03598,2,4
4robot_180s_ring,62.75597,2,3
4robot_180s_ring,63.07597,3,5
4robot_180s_ring,63.95597,3,5
4robot_180s_ring,64.43597,2,4
4robot_180s_ring,64.81597,2,3
4robot_180s_ring,66.23598,2,4
4robot_180s_ring,67.85597,2,3
4robot_180s_ring,68.03597,5,4
4robot_180s_ring,68.03597,2,3
4robot_180s_ring,68.37598,2,4
4robot_180s_ring,68.57597,5,4
4robot_180s_ring,68.75597,3,5
4robot_180s_ring,68.85597,5,4
4robot_180s_ring,68.89597,2,4
4robot_180s_ring,69.39597,5,4
4robot_180s_ring,70.03597,3,5
4robot_180s_ring,70.11597,5,4
4robot_180s_ring,70.21597,3,5
4robot_180s_ring,71.31597,2,4
4robot_180s_ring,71.99597,4,5
4robot_180s_ring,72.35597,3,2
4robot_180s_ring,72.99597,3,5
4robot_180s_ring,73.17597,4,3
4robot_180s_ring,73.51598,3,2
4robot_180s_ring,74.85597,4,5
4robot_180s_ring,75.13597,2,4
4robot_180s_ring,75.37598,4,5
4robot_180s_ring,75.65598,2,4
4robot_180s_ring,76.99597,5,4
4robot_180s_ring,77.17597,2,3
4robot_180s_ring,77.29597,4,5
4robot_180s_ring,77.45597,3,5
4robot_180s_ring,77.67597,2,4
4robot_180s_ring,77.69598,2,3
4robot_180s_ring,77.87598,2,4
4robot_180s_ring,79.15598,2,4
4robot_180s_ring,79.45597,2,4
4robot_180s_ring,81.67597,2,4
4robot_180s_ring,82.23598,2,4
4robot_180s_ring,82.57597,2,3
4robot_180s_ring,83.07597,2,4
4robot_180s_ring,83.43597,2,3
4robot_180s_ring,84.01598,5,4
4robot_180s_ring,84.87598,2,3
4robot_180s_ring,86.05598,3,5
4robot_180s_ring,86.77597,5,2
4robot_180s_ring,88.67597,3,5
4robot_180s_ring,90.73598,2,4
4robot_180s_ring,90.91598,3,5
4robot_180s_ring,90.97598,3,2
4robot_180s_ring,91.45597,4,3
4robot_180s_ring,92.67597,3,5
4robot_180s_ring,92.73598,2,3
4robot_180s_ring,93.05598,5,4
4robot_180s_ring,94.19598,3,2
4robot_180s_ring,94.47598,2,3
4robot_180s_ring,94.55598,3,5
4robot_180s_ring,94.73598,3,2
4robot_180s_ring,95.07597,3,5
4robot_180s_ring,95.29597,3,2
4robot_180s_ring,95.71597,2,4
4robot_180s_ring,96.29597,2,4
4robot_180s_ring,96.29597,3,5
4robot_180s_ring,96.91598,2,3
4robot_180s_ring,97.09597,3,5
4robot_180s_ring,97.99597,3,2
4robot_180s_ring,98.19598,3,5
4robot_180s_ring,98.45597,5,4
4robot_180s_ring,98.49597,3,2
4robot_180s_ring,98.73598,4,5
4robot_180s_ring,99.77597,3,5
4robot_180s_ring,100.236,2,3
4robot_180s_ring,100.396,5,4
4robot_180s_ring,101.356,3,5
4robot_180s_ring,101.716,3,2
4robot_180s_ring,102.536,3,5
4robot_180s_ring,103.156,2,4
4robot_180s_ring,103.156,2,3
4robot_180s_ring,103.256,3,5
4robot_180s_ring,103.336,5,4
4robot_180s_ring,104.996,3,2
4robot_180s_ring,105.876,3,2
4robot_180s_ring,106.356,3,2
4robot_180s_ring,108.596,3,5
4robot_180s_ring,108.596,3,2
4robot_180s_ring,109.436,3,5
4robot_180s_ring,111.236,3,2
4robot_180s_ring,111.416,2,3
4robot_180s_ring,111.756,4,3
4robot_180s_ring,112.556,4,5
4robot_180s_ring,113.216,5,4
4robot_180s_ring,113.216,2,4
4robot_180s_ring,113.396,2,4
4robot_180s_ring,113.456,3,5
4robot_180s_ring,113.636,2,4
4robot_180s_ring,113.676,3,2
4robot_180s_ring,113.776,2,3
4robot_180s_ring,114.096,2,3
4robot_180s_ring,115.396,3,5
4robot_180s_ring,115.736,3,5
4robot_180s_ring,115.916,3,2
4robot_180s_ring,117.096,3,5
4robot_180s_ring,117.296,3,2
4robot_180s_ring,118.496,5,4
4robot_180s_ring,119.096,3,2
4robot_180s_ring,119.936,3,2
4robot_180s_ring,121.036,5,4
4robot_180s_ring,121.576,5,4
4robot_180s_ring,121.576,2,4
4robot_180s_ring,121.736,2,3
4robot_180s_ring,122.776,2,3
4robot_180s_ring,123.116,2,3
4robot_180s_ring,123.256,3,2
4robot_180s_ring,123.796,3,2
4robot_180s_ring,123.936,3,5
4robot_180s_ring,124.616,3,2
4robot_180s_ring,124.816,3,2
4robot_180s_ring,125.556,3,5
4robot_180s_ring,126.016,3,2
4robot_180s_ring,126.736,5,4
4robot_180s_ring,127.336,4,5
4robot_180s_ring,129.116,5,4
4robot_180s_ring,130.536,5,4
4robot_180s_ring,130.756,3,2
4robot_180s_ring,131.616,3,5
4robot_180s_ring,131.676,5,4
4robot_180s_ring,131.716,2,4
4robot_180s_ring,131.796,3,2
4robot_180s_ring,131.876,5,4
4robot_180s_ring,131.876,2,4
4robot_180s_ring,131.996,3,2
4robot_180s_ring,132.696,4,5
4robot_180s_ring,132.756,2,4
4robot_180s_ring,132.936,5,4
4robot_180s_ring,133.216,3,5
4robot_180s_ring,133.276,2,4
4robot_180s_ring,133.436,2,3
4robot_180s_ring,133.476,2,4
4robot_180s_ring,133.976,2,3
4robot_180s_ring,134.156,2,3
4robot_180s_ring,134.736,5,4
4robot_180s_ring,134.736,2,4
4robot_180s_ring,136.096,5,4
4robot_180s_ring,136.096,2,4
4robot_180s_ring,136.696,3,5
4robot_180s_ring,138.576,2,4
4robot_180s_ring,138.676,3,5
4robot_180s_ring,138.736,2,3
4robot_180s_ring,139.356,3,5
4robot_180s_ring,139.556,3,5
4robot_180s_ring,140.116,2,3
4robot_180s_ring,140.796,2,4
4robot_180s_ring,141.136,3,2
4robot_180s_ring,141.616,3,2
4robot_180s_ring,141.736,2,3
4robot_180s_ring,142.056,5,4
4robot_180s_ring,142.176,3,2
4robot_180s_ring,142.196,3,5
4robot_180s_ring,143.436,5,4
4robot_180s_ring,143.616,4,3
4robot_180s_ring,144.316,3,5
4robot_180s_ring,144.496,3,2
4robot_180s_ring,145.796,5,4
4robot_180s_ring,146.376,3,2
4robot_180s_ring,146.436,4,5
4robot_180s_ring,146.716,3,5
4robot_180s_ring,146.856,2,3
4robot_180s_ring,149.276,3,5
4robot_180s_ring,149.476,3,2
4robot_180s_ring,149.836,4,5
4robot_180s_ring,149.996,3,2
4robot_180s_ring,151.036,3,2
4robot_180s_ring,151.396,3,5
4robot_180s_ring,151.876,5,4
4robot_180s_ring,151.876,2,3
4robot_180s_ring,152.456,3,5
4robot_180s_ring,154.156,2,4
4robot_180s_ring,154.276,3,5
4robot_180s_ring,154.576,3,5
4robot_180s_ring,155.136,4,5
4robot_180s_ring,155.176,2,4
4robot_180s_ring,155.656,4,5
4robot_180s_ring,155.656,3,2
4robot_180s_ring,156.196,4,5
4robot_180s_ring,156.736,5,4
4robot_180s_ring,157.256,4,5
4robot_180s_ring,157.276,5,4
4robot_180s_ring,157.796,3,5
4robot_180s_ring,158.316,4,5
4robot_180s_ring,159.036,3,5
4robot_180s_ring,159.696,4,5
4robot_180s_ring,159.896,5,4
4robot_180s_ring,160.296,2,4
4robot_180s_ring,160.616,4,3
4robot_180s_ring,160.796,2,3
4robot_180s_ring,160.856,5,4
4robot_180s_ring,161.276,3,5
4robot_180s_ring,162.136,3,5
4robot_180s_ring,162.676,3,5
4robot_180s_ring,164.056,3,5
4robot_180s_ring,164.496,5,4
4robot_180s_ring,164.516,2,3
4robot_180s_ring,164.756,2,4
4robot_180s_ring,165.276,2,3
4robot_180s_ring,165.456,5,4
4robot_180s_ring,165.756,3,5
4robot_180s_ring,165.796,2,4
4robot_180s_ring,165.956,5,4
4robot_180s_ring,167.536,3,5
4robot_180s_ring,168.396,3,5
4robot_180s_ring,168.736,3,5
4robot_180s_ring,169.616,2,3
4robot_180s_ring,170.116,3,5
4robot_180s_ring,170.156,2,4
4robot_180s_ring,170.156,2,3
4robot_180s_ring,172.056,5,4
4robot_180s_ring,172.916,2,4
4robot_180s_ring,172.916,2,3
4robot_180s_ring,173.756,2,4
4robot_180s_ring,174.356,3,5
4robot_180s_ring,175.516,3,5
4robot_180s_ring,175.856,2,4
4robot_180s_ring,175.996,3,2
4robot_180s_ring,178.836,3,5
4robot_180s_ring,179.496,5,4
4robot_180s_ring,179.796,2,4
4robot_180s_ring,180.116,4,5
4robot_180s_ring,181.156,3,5
4robot_180s_ring,181.576,5,4
4robot_180s_ring,182.076,5,4
4robot_180s_ring,182.116,2,3
4robot_180s_ring,182.576,3,2
4robot_180s_ring,182.796,3,5
4robot_180s_ring,183.696,2,4
4robot_180s_ring,183.856,3,5
4robot_180s_ring,184.196,2,4
4robot_180s_ring,184.596,5,4
4robot_180s_ring,184.716,3,5
4robot_180s_ring,184.776,5,4
4robot_180s_ring,184.836,2,4
4robot_180s_ring,186.156,5,4
4robot_180s_ring,186.736,2,4
4robot_180s_ring,189.776,3,2
4robot_180s_ring,189.896,2,3
4robot_180s_ring,190.276,4,5
4robot_180s_ring,190.396,2,4
4robot_180s_ring,190.916,2,4
4robot_180s_ring,192.396,3,5
4robot_180s_ring,192.396,4,5
4robot_180s_ring,193.116,3,2
4robot_180s_triangle,2.790464,3,2
4robot_180s_triangle,3.910464,3,2
4robot_180s_triangle,7.630464,2,4
4robot_180s_triangle,7.890463,3,2
4robot_180s_triangle,8.370463,5,2
4robot_180s_triangle,9.770464,5,2
4robot_180s_triangle,9.810464,3,2
4robot_180s_triangle,10.71046,5,3
4robot_180s_triangle,11.09046,5,2
4robot_180s_triangle,11.49046,5,2
4robot_180s_triangle,11.65046,5,2
4robot_180s_triangle,12.19046,5,2
4robot_180s_triangle,12.23046,2,4
4robot_180s_triangle,12.73046,2,4
4robot_180s_triangle,13.59046,3,2
4robot_180s_triangle,13.77046,3,2
4robot_180s_triangle,14.45046,5,3
4robot_180s_triangle,14.49046,5,2
4robot_180s_triangle,15.01046,5,2
4robot_180s_triangle,15.13046,3,2
4robot_180s_triangle,15.21046,5,2
4robot_180s_triangle,15.77046,3,2
4robot_180s_triangle,16.61046,5,2
4robot_180s_triangle,17.63046,5,3
4robot_180s_triangle,18.03046,2,4
4robot_180s_triangle,18.51046,5,3
4robot_180s_triangle,18.51046,5,2
4robot_180s_triangle,18.53046,2,4
4robot_180s_triangle,18.69046,5,2
4robot_180s_triangle,18.73046,5,3
4robot_180s_triangle,20.13046,5,2
4robot_180s_triangle,20.33046,5,3
4robot_180s_triangle,20.47046,5,2
4robot_180s_triangle,20.67046,5,2
4robot_180s_triangle,21.01046,5,2
4robot_180s_triangle,21.15046,5,2
4robot_180s_triangle,21.21046,3,2
4robot_180s_triangle,21.75046,3,2
4robot_180s_triangle,22.43046,5,2
4robot_180s_triangle,23.81046,2,4
4robot_180s_triangle,24.05046,3,2
4robot_180s_triangle,24.39046,5,2
4robot_180s_triangle,24.75046,3,2
4robot_180s_triangle,24.97046,3,2
4robot_180s_triangle,25.95046,2,4
4robot_180s_triangle,26.35046,3,2
4robot_180s_triangle,26.87046,3,2
4robot_180s_triangle,27.03046,3,5
4robot_180s_triangle,27.13046,5,2
4robot_180s_triangle,27.47046,5,2
4robot_180s_triangle,27.63046,5,2
4robot_180s_triangle,28.71046,5,2
4robot_180s_triangle,30.95046,3,2
4robot_180s_triangle,31.29046,2,4
4robot_180s_triangle,31.39046,3,2
4robot_180s_triangle,31.63046,5,2
4robot_180s_triangle,31.77046,3,2
4robot_180s_triangle,32.33046,5,3
4robot_180s_triangle,32.47046,3,2
4robot_180s_triangle,33.37046,5,2
4robot_180s_triangle,33.59046,5,2
4robot_180s_triangle,33.77046,5,2
4robot_180s_triangle,33.89046,2,4
4robot_180s_triangle,34.49046,5,2
4robot_180s_triangle,34.67046,3,2
4robot_180s_triangle,34.69046,2,4
4robot_180s_triangle,34.89046,5,2
4robot_180s_triangle,35.25046,3,2
4robot_180s_triangle,36.65046,5,2
4robot_180s_triangle,37.41046,2,3
4robot_180s_triangle,39.87046,5,2
4robot_180s_triangle,40.39046,2,4
4robot_180s_triangle,40.65046,3,2
4robot_180s_triangle,40.93046,2,4
4robot_180s_triangle,41.21046,5,2
4robot_180s_triangle,41.73046,5,2
4robot_180s_triangle,42.03046,5,2
4robot_180s_triangle,42.25046,5,2
4robot_180s_triangle,42.33046,2,4
4robot_180s_triangle,43.67046,3,2
4robot_180s_triangle,43.83046,3,2
4robot_180s_triangle,44.89046,5,2
4robot_180s_triangle,45.51046,3,2
4robot_180s_triangle,46.25046,2,4
4robot_180s_triangle,46.73046,5,2
4robot_180s_triangle,46.75046,2,4
4robot_180s_triangle,47.63046,2,4
4robot_180s_triangle,48.91046,2,4
4robot_180s_triangle,49.27046,5,2
4robot_180s_triangle,50.21046,5,2
4robot_180s_triangle,50.41046,5,2
4robot_180s_triangle,50.73046,5,2
4robot_180s_triangle,51.55046,5,2
4robot_180s_triangle,54.99046,2,4
4robot_180s_triangle,55.01046,3,2
4robot_180s_triangle,55.31046,2,4
4robot_180s_triangle,56.33046,2,5
4robot_180s_triangle,56.49046,2,4
4robot_180s_triangle,56.53046,2,5
4robot_180s_triangle,56.87046,2,3
4robot_180s_triangle,57.75046,2,3
4robot_180s_triangle,58.47046,5,3
4robot_180s_triangle,58.63046,5,2
4robot_180s_triangle,58.81046,5,2
4robot_180s_triangle,59.17046,3,2
4robot_180s_triangle,59.23046,5,2
4robot_180s_triangle,60.15046,3,2
4robot_180s_triangle,61.03046,5,2
4robot_180s_triangle,61.59046,5,2
4robot_180s_triangle,61.75046,5,3
4robot_180s_triangle,62.05046,3,5
4robot_180s_triangle,62.27046,3,2
4robot_180s_triangle,63.17046,2,3
4robot_180s_triangle,63.33046,0,4
4robot_180s_triangle,65.47046,3,2
4robot_180s_triangle,66.69046,3,2
4robot_180s_triangle,70.39046,2,4
4robot_180s_triangle,70.73046,2,4
4robot_180s_triangle,70.93047,2,4
4robot_180s_triangle,71.13046,3,2
4robot_180s_triangle,72.15046,3,5
4robot_180s_triangle,72.31046,2,4
4robot_180s_triangle,72.53046,3,2
4robot_180s_triangle,73.05046,3,2
4robot_180s_triangle,73.21046,3,2
4robot_180s_triangle,73.41046,3,2
4robot_180s_triangle,74.99046,5,2
4robot_180s_triangle,78.65046,2,4
4robot_180s_triangle,78.69046,3,2
4robot_180s_triangle,79.79046,3,2
4robot_180s_triangle,80.89046,2,4
4robot_180s_triangle,80.99046,5,2
4robot_180s_triangle,81.15046,3,2
4robot_180s_triangle,82.63046,2,3
4robot_180s_triangle,83.81046,3,2
4robot_180s_triangle,84.61046,3,2
4robot_180s_triangle,85.03046,2,4
4robot_180s_triangle,85.57047,2,4
4robot_180s_triangle,86.03046,3,2
4robot_180s_triangle,87.05046,3,2
4robot_180s_triangle,87.75047,3,2
4robot_180s_triangle,89.55046,5,2
4robot_180s_triangle,90.11046,5,3
4robot_180s_triangle,90.49046,3,2
4robot_180s_triangle,90.73046,3,2
4robot_180s_triangle,90.89046,5,2
4robot_180s_triangle,91.07047,5,2
4robot_180s_triangle,92.83046,3,5
4robot_180s_triangle,92.83046,3,2
4robot_180s_triangle,93.17046,3,2
4robot_180s_triangle,94.39046,3,5
4robot_180s_triangle,94.69046,3,2
4robot_180s_triangle,94.71046,3,5
4robot_180s_triangle,95.25047,3,5
4robot_180s_triangle,95.95046,3,2
4robot_180s_triangle,96.13046,3,2
4robot_180s_triangle,97.83046,3,2
4robot_180s_triangle,98.39046,3,2
4robot_180s_triangle,98.75046,5,2
4robot_180s_triangle,98.89046,2,4
4robot_180s_triangle,98.89046,2,3
4robot_180s_triangle,100.4505,5,2
4robot_180s_triangle,100.6905,3,2
4robot_180s_triangle,100.9105,3,2
4robot_180s_triangle,101.2705,5,2
4robot_180s_triangle,102.1105,5,2
4robot_180s_triangle,103.7105,2,5
4robot_180s_triangle,103.8105,5,2
4robot_180s_triangle,103.8105,3,2
4robot_180s_triangle,104.0105,5,2
4robot_180s_triangle,104.5905,5,3
4robot_180s_triangle,104.7105,5,2
4robot_180s_triangle,106.1705,5,3
4robot_180s_triangle,106.5105,5,3
4robot_180s_triangle,106.5705,2,4
4robot_180s_triangle,107.3905,5,2
4robot_180s_triangle,107.9105,3,2
4robot_180s_triangle,108.0905,3,2
4robot_180s_triangle,108.9905,5,2
4robot_180s_triangle,109.0505,3,2
4robot_180s_triangle,110.4305,3,2
4robot_180s_triangle,110.7705,5,2
4robot_180s_triangle,111.4905,2,4
4robot_180s_triangle,113.9305,3,2
4robot_180s_triangle,114.2505,2,4
4robot_180s_triangle,116.0505,5,2
4robot_180s_triangle,116.2105,3,2
4robot_180s_triangle,116.4105,3,2
4robot_180s_triangle,117.0705,3,2
4robot_180s_triangle,117.6505,5,2
4robot_180s_triangle,117.8705,2,4
4robot_180s_triangle,118.8505,3,2
4robot_180s_triangle,119.2105,5,2
4robot_180s_triangle,119.3505,3,2
4robot_180s_triangle,119.7305,5,2
4robot_180s_triangle,120.1305,2,4
4robot_180s_triangle,120.3105,2,4
4robot_180s_triangle,121.1505,3,2
4robot_180s_triangle,121.1505,5,2
4robot_180s_triangle,121.9705,3,2
4robot_180s_triangle,122.9105,2,5
4robot_180s_triangle,123.8505,5,2
4robot_180s_triangle,123.9505,2,4
4robot_180s_triangle,123.9905,3,2
4robot_180s_triangle,124.1705,3,2
4robot_180s_triangle,124.7105,3,2
4robot_180s_triangle,124.8105,2,4
4robot_180s_triangle,125.6705,3,2
4robot_180s_triangle,128.1505,5,2
4robot_180s_triangle,129.1705,5,2
4robot_180s_triangle,129.3705,5,2
4robot_180s_triangle,129.7105,5,2
4robot_180s_triangle,129.7305,3,2
4robot_180s_triangle,129.9305,5,2
4robot_180s_triangle,130.2105,5,2
4robot_180s_triangle,130.9705,5,2
4robot_180s_triangle,131.2705,5,2
4robot_180s_triangle,131.5105,3,2
4robot_180s_triangle,131.9105,5,2
4robot_180s_triangle,132.3705,5,2
4robot_180s_triangle,132.4105,2,4
4robot_180s_triangle,132.5905,5,2
4robot_180s_triangle,133.0905,5,2
4robot_180s_triangle,133.2505,3,2
4robot_180s_triangle,134.2505,3,2
4robot_180s_triangle,134.3305,5,2
4robot_180s_triangle,134.8505,5,2
4robot_180s_triangle,134.9705,2,3
4robot_180s_triangle,134.9905,3,2
4robot_180s_triangle,135.4305,2,4
4robot_180s_triangle,135.7505,5,2
4robot_180s_triangle,136.3905,5,2
4robot_180s_triangle,137.2705,3,2
4robot_180s_triangle,137.4905,3,2
4robot_180s_triangle,137.6905,3,2
4robot_180s_triangle,138.0305,3,2
4robot_180s_triangle,139.4505,3,2
4robot_180s_triangle,140.0305,2,4
4robot_180s_triangle,140.2505,2,4
4robot_180s_triangle,140.5305,2,4
4robot_180s_triangle,141.1505,3,2
4robot_180s_triangle,141.2105,5,2
4robot_180s_triangle,141.3905,3,2
4robot_180s_triangle,141.7305,5,2
4robot_180s_triangle,142.2905,2,4
4robot_180s_triangle,143.0705,3,2
4robot_180s_triangle,143.1105,2,4
4robot_180s_triangle,144.4905,5,3
4robot_180s_triangle,144.5305,5,2
4robot_180s_triangle,144.7305,5,3
4robot_180s_triangle,145.4505,3,2
4robot_180s_triangle,147.5105,2,4
4robot_180s_triangle,151.9905,5,2
4robot_180s_triangle,152.8305,5,2
4robot_180s_triangle,153.0105,5,3
4robot_180s_triangle,153.3705,5,2
4robot_180s_triangle,153.7105,5,2
4robot_180s_triangle,153.9105,5,2
4robot_180s_triangle,154.3105,5,2
4robot_180s_triangle,156.4905,5,2
4robot_180s_triangle,156.9105,2,3
4robot_180s_triangle,157.1305,2,4
4robot_180s_triangle,157.4505,2,4
4robot_180s_triangle,157.6305,2,3
4robot_180s_triangle,158.1705,2,3
4robot_180s_triangle,158.9305,5,2
4robot_180s_triangle,159.8905,2,4
4robot_180s_triangle,160.2505,2,5
4robot_180s_triangle,160.4505,2,5
4robot_180s_triangle,160.6305,2,3
4robot_180s_triangle,160.9505,5,2
4robot_180s_triangle,161.0505,5,2
4robot_180s_triangle,161.4305,5,2
4robot_180s_triangle,161.6905,2,4
4robot_180s_triangle,164.7505,5,2
4robot_180s_triangle,164.9105,3,2
4robot_180s_triangle,165.1105,3,5
4robot_180s_triangle,165.4705,3,5
4robot_180s_triangle,165.6705,3,5
4robot_180s_triangle,165.9705,3,5
4robot_180s_triangle,166.1905,5,2
4robot_180s_triangle,166.3905,5,2
4robot_180s_triangle,166.3905,5,3
4robot_180s_triangle,167.2505,5,2
4robot_180s_triangle,167.9705,5,2
4robot_180s_triangle,168.0305,2,4
4robot_180s_triangle,168.3105,5,3
4robot_180s_triangle,168.3305,5,2
4robot_180s_triangle,168.4705,5,2
4robot_180s_triangle,168.5305,3,2
4robot_180s_triangle,169.4105,5,2
4robot_180s_triangle,169.8305,2,4
4robot_180s_triangle,170.0305,2,4
4robot_180s_triangle,170.2505,5,2
4robot_180s_triangle,170.5705,2,3
4robot_180s_triangle,170.5705,2,4
4robot_180s_triangle,170.7505,2,3
4robot_180s_triangle,170.8105,2,4
4robot_180s_triangle,170.8905,5,2
4robot_180s_triangle,171.3105,2,3
4robot_180s_triangle,171.3905,5,2
4robot_180s_triangle,171.9105,5,2
4robot_180s_triangle,172.4905,3,2
4robot_180s_triangle,172.6105,5,2
4robot_180s_triangle,172.6705,2,3
4robot_180s_triangle,173.1305,5,2
4robot_180s_triangle,174.4305,5,3
4robot_180s_triangle,175.5905,2,4
4robot_180s_triangle,175.7705,2,4
4robot_180s_triangle,176.5505,5,2
4robot_180s_triangle,176.9705,2,3
4robot_180s_triangle,177.1705,2,4
4robot_180s_triangle,178.0505,2,5
4robot_180s_triangle,178.7505,5,2
4robot_180s_triangle,178.8905,2,4
4robot_180s_triangle,179.9305,3,2
4robot_180s_triangle,180.7305,2,4
4robot_180s_triangle,180.9705,2,4
4robot_180s_triangle,181.0105,3,2
4robot_180s_triangle,181.4105,3,2
4robot_180s_triangle,181.6505,2,5
4robot_180s_triangle,181.6705,2,3
4robot_180s_triangle,181.7905,2,4
4robot_180s_triangle,181.9105,3,2
4robot_180s_triangle,183.6505,2,4
4robot_180s_triangle,184.2505,3,2
4robot_180s_triangle,185.0305,2,4
4robot_180s_tetris,2.945778,4,5
4robot_180s_tetris,3.865778,4,5
4robot_180s_tetris,4.925778,5,3
4robot_180s_tetris,5.145778,5,3
4robot_180s_tetris,5.305778,5,2
4robot_180s_tetris,5.365778,4,5
4robot_180s_tetris,5.665778,5,4
4robot_180s_tetris,5.825778,5,2
4robot_180s_tetris,5.965778,5,4
4robot_180s_tetris,6.145778,5,4
4robot_180s_tetris,6.725778,5,3
4robot_180s_tetris,6.865777,5,2
4robot_180s_tetris,7.365777,2,3
4robot_180s_tetris,7.665778,4,5
4robot_180s_tetris,8.245778,2,3
4robot_180s_tetris,8.405778,4,5
4robot_180s_tetris,9.065778,2,3
4robot_180s_tetris,9.225778,4,5
4robot_180s_tetris,9.245778,2,3
4robot_180s_tetris,10.82578,4,5
4robot_180s_tetris,11.48578,5,4
4robot_180s_tetris,12.28578,5,2
4robot_180s_tetris,12.34578,5,4
4robot_180s_tetris,12.50578,5,3
4robot_180s_tetris,14.08578,2,3
4robot_180s_tetris,14.36578,5,2
4robot_180s_tetris,14.68578,5,2
4robot_180s_tetris,14.92578,2,3
4robot_180s_tetris,15.28578,5,3
4robot_180s_tetris,15.36578,4,5
4robot_180s_tetris,15.78578,5,3
4robot_180s_tetris,15.94578,5,2
4robot_180s_tetris,17.18578,5,3
4robot_180s_tetris,17.52578,5,3
4robot_180s_tetris,17.68578,2,3
4robot_180s_tetris,18.40578,5,2
4robot_180s_tetris,18.50578,4,5
4robot_180s_tetris,18.86578,4,5
4robot_180s_tetris,20.10578,2,3
4robot_180s_tetris,20.58578,5,4
4robot_180s_tetris,20.94578,2,3
4robot_180s_tetris,21.86578,5,2
4robot_180s_tetris,22.52578,2,3
4robot_180s_tetris,22.86578,4,5
4robot_180s_tetris,23.38578,2,3
4robot_180s_tetris,23.62578,5,3
4robot_180s_tetris,23.72578,4,5
4robot_180s_tetris,24.32578,2,3
4robot_180s_tetris,24.78578,4,5
4robot_180s_tetris,25.28578,4,5
4robot_180s_tetris,25.54578,4,5
4robot_180s_tetris,25.66578,2,3
4robot_180s_tetris,25.84578,5,2
4robot_180s_tetris,25.86578,2,3
4robot_180s_tetris,26.36578,3,4
4robot_180s_tetris,26.90578,5,4
4robot_180s_tetris,27.92578,5,2
4robot_180s_tetris,28.20578,5,4
4robot_180s_tetris,28.22578,2,3
4robot_180s_tetris,28.24578,5,3
4robot_180s_tetris,28.40578,2,3
4robot_180s_tetris,28.40578,5,3
4robot_180s_tetris,28.66578,4,5
4robot_180s_tetris,28.76578,5,3
4robot_180s_tetris,29.10578,5,4
4robot_180s_tetris,29.50578,5,3
4robot_180s_tetris,30.24578,4,5
4robot_180s_tetris,30.48578,5,2
4robot_180s_tetris,30.66578,5,2
4robot_180s_tetris,30.68578,5,4
4robot_180s_tetris,30.88578,5,3
4robot_180s_tetris,30.90578,5,2
4robot_180s_tetris,31.76578,5,2
4robot_180s_tetris,33.82578,4,5
4robot_180s_tetris,35.42578,4,5
4robot_180s_tetris,35.44578,5,2
4robot_180s_tetris,36.02578,2,3
4robot_180s_tetris,36.02578,5,3
4robot_180s_tetris,37.34578,5,2
4robot_180s_tetris,38.40578,5,2
4robot_180s_tetris,38.48578,2,5
4robot_180s_tetris,39.40578,2,3
4robot_180s_tetris,39.44578,5,2
4robot_180s_tetris,39.70578,4,5
4robot_180s_tetris,39.94578,2,3
4robot_180s_tetris,40.30578,5,2
4robot_180s_tetris,40.50578,5,2
4robot_180s_tetris,40.82578,5,2
4robot_180s_tetris,41.02578,5,2
4robot_180s_tetris,42.06578,5,2
4robot_180s_tetris,42.44578,2,3
4robot_180s_tetris,42.94578,5,3
4robot_180s_tetris,43.56578,3,4
4robot_180s_tetris,45.28578,2,3
4robot_180s_tetris,45.46578,2,3
4robot_180s_tetris,45.64578,3,4
4robot_180s_tetris,46.22578,2,3
4robot_180s_tetris,46.28578,4,5
4robot_180s_tetris,46.48577,5,4
4robot_180s_tetris,46.74578,5,3
4robot_180s_tetris,46.92578,2,3
4robot_180s_tetris,47.16578,4,5
4robot_180s_tetris,47.16578,3,5
4robot_180s_tetris,47.24578,2,3
4robot_180s_tetris,47.52578,3,4
4robot_180s_tetris,47.66578,4,5
4robot_180s_tetris,49.08578,5,2
4robot_180s_tetris,49.82578,5,3
4robot_180s_tetris,49.82578,5,2
4robot_180s_tetris,50.22578,4,5
4robot_180s_tetris,50.44578,4,5
4robot_180s_tetris,50.48577,5,3
4robot_180s_tetris,50.66578,5,4
4robot_180s_tetris,51.28578,5,2
4robot_180s_tetris,51.62578,2,3
4robot_180s_tetris,51.80578,2,3
4robot_180s_tetris,51.82578,5,2
4robot_180s_tetris,52.34578,5,2
4robot_180s_tetris,52.68578,2,3
4robot_180s_tetris,52.70578,5,4
4robot_180s_tetris,52.70578,5,3
4robot_180s_tetris,53.68578,4,5
4robot_180s_tetris,53.72578,5,4
4robot_180s_tetris,53.74578,5,3
4robot_180s_tetris,54.26578,5,2
4robot_180s_tetris,55.44578,2,3
4robot_180s_tetris,55.44578,5,3
4robot_180s_tetris,55.62578,5,2
4robot_180s_tetris,55.76578,5,3
4robot_180s_tetris,56.14577,2,3
4robot_180s_tetris,56.14577,5,3
4robot_180s_tetris,56.18578,5,2
4robot_180s_tetris,56.48577,5,4
4robot_180s_tetris,57.04578,5,2
4robot_180s_tetris,57.48577,4,5
4robot_180s_tetris,57.54578,2,3
4robot_180s_tetris,57.56578,5,2
4robot_180s_tetris,58.02578,2,3
4robot_180s_tetris,58.38578,5,3
4robot_180s_tetris,58.54578,4,5
4robot_180s_tetris,58.88578,5,2
4robot_180s_tetris,58.88578,5,3
4robot_180s_tetris,59.62578,5,2
4robot_180s_tetris,59.74578,2,3
4robot_180s_tetris,59.90578,2,3
4robot_180s_tetris,60.00578,4,5
4robot_180s_tetris,60.26578,2,3
4robot_180s_tetris,60.48577,5,2
4robot_180s_tetris,61.08578,2,3
4robot_180s_tetris,61.30577,2,3
4robot_180s_tetris,61.50578,5,2
4robot_180s_tetris,61.70578,5,2
4robot_180s_tetris,61.84578,2,3
4robot_180s_tetris,62.24578,5,2
4robot_180s_tetris,62.34578,2,3
4robot_180s_tetris,62.68578,2,3
4robot_180s_tetris,62.76578,5,2
4robot_180s_tetris,62.88578,5,3
4robot_180s_tetris,63.06578,2,3
4robot_180s_tetris,63.30577,5,3
4robot_180s_tetris,63.50578,5,3
4robot_180s_tetris,63.50578,5,2
4robot_180s_tetris,63.86578,5,2
4robot_180s_tetris,63.92578,4,5
4robot_180s_tetris,64.90578,5,2
4robot_180s_tetris,65.56577,5,4
4robot_180s_tetris,66.52578,4,5
4robot_180s_tetris,66.84578,2,3
4robot_180s_tetris,66.96577,5,4
4robot_180s_tetris,67.20578,2,5
4robot_180s_tetris,67.56577,2,3
4robot_180s_tetris,67.70578,3,4
4robot_180s_tetris,67.76578,2,3
4robot_180s_tetris,68.38577,5,2
4robot_180s_tetris,69.06577,3,4
4robot_180s_tetris,69.54578,2,3
4robot_180s_tetris,69.84578,5,4
4robot_180s_tetris,70.26578,2,3
4robot_180s_tetris,71.14577,4,5
4robot_180s_tetris,71.66578,4,5
4robot_180s_tetris,71.72578,2,3
4robot_180s_tetris,72.22578,4,5
4robot_180s_tetris,72.54578,4,5
4robot_180s_tetris,72.74577,2,3
4robot_180s_tetris,73.70578,3,5
4robot_180s_tetris,73.88577,4,5
4robot_180s_tetris,74.12578,5,3
4robot_180s_tetris,75.82578,5,4
4robot_180s_tetris,75.94578,4,5
4robot_180s_tetris,76.02578,5,4
4robot_180s_tetris,76.56577,2,3
4robot_180s_tetris,77.24577,5,4
4robot_180s_tetris,77.42577,2,3
4robot_180s_tetris,78.08578,5,4
4robot_180s_tetris,78.12578,2,3
4robot_180s_tetris,78.50578,2,3
4robot_180s_tetris,79.02578,2,3
4robot_180s_tetris,79.16578,3,4
4robot_180s_tetris,79.22578,2,3
4robot_180s_tetris,79.46577,4,5
4robot_180s_tetris,79.84578,5,2
4robot_180s_tetris,80.10577,4,5
4robot_180s_tetris,80.46577,2,3
4robot_180s_tetris,80.58578,5,2
4robot_180s_tetris,80.88577,2,3
4robot_180s_tetris,81.16578,5,2
4robot_180s_tetris,81.24577,2,3
4robot_180s_tetris,81.60577,5,4
4robot_180s_tetris,81.80578,4,5
4robot_180s_tetris,82.18578,4,5
4robot_180s_tetris,82.88577,3,5
4robot_180s_tetris,83.00578,4,5
4robot_180s_tetris,83.16578,5,4
4robot_180s_tetris,83.46577,4,5
4robot_180s_tetris,83.78577,4,5
4robot_180s_tetris,84.06577,5,3
4robot_180s_tetris,84.86578,2,3
4robot_180s_tetris,84.96577,4,5
4robot_180s_tetris,85.58578,5,4
4robot_180s_tetris,86.12578,5,4
4robot_180s_tetris,86.46577,5,2
4robot_180s_tetris,86.86578,5,2
4robot_180s_tetris,86.88577,4,5
4robot_180s_tetris,87.30578,3,4
4robot_180s_tetris,87.36578,2,3
4robot_180s_tetris,87.48578,3,4
4robot_180s_tetris,87.78577,5,4
4robot_180s_tetris,88.34578,5,4
4robot_180s_tetris,88.56577,5,4
4robot_180s_tetris,88.74577,5,4
4robot_180s_tetris,88.94578,4,5
4robot_180s_tetris,89.02577,5,4
4robot_180s_tetris,90.20577,2,3
4robot_180s_tetris,90.54578,5,4
4robot_180s_tetris,90.70577,5,2
4robot_180s_tetris,90.90578,5,3
4robot_180s_tetris,91.12578,4,5
4robot_180s_tetris,91.46577,4,5
4robot_180s_tetris,91.92577,2,3
4robot_180s_tetris,91.92577,5,4
4robot_180s_tetris,91.98578,4,5
4robot_180s_tetris,92.40578,5,4
4robot_180s_tetris,92.58578,5,2
4robot_180s_tetris,92.68578,4,5
4robot_180s_tetris,92.78577,2,3
4robot_180s_tetris,93.58578,4,5
4robot_180s_tetris,94.68578,4,5
4robot_180s_tetris,95.40578,5,4
4robot_180s_tetris,95.56577,5,4
4robot_180s_tetris,95.94578,5,4
4robot_180s_tetris,96.30578,2,3
4robot_180s_tetris,96.46577,5,4
4robot_180s_tetris,97.00578,5,4
4robot_180s_tetris,97.08578,5,2
4robot_180s_tetris,97.24577,4,5
4robot_180s_tetris,97.72578,5,4
4robot_180s_tetris,97.74577,5,3
4robot_180s_tetris,98.74577,5,4
4robot_180s_tetris,98.78577,4,5
4robot_180s_tetris,99.12578,5,3
4robot_180s_tetris,100.1458,2,3
4robot_180s_tetris,103.2658,2,3
4robot_180s_tetris,103.3258,3,5
4robot_180s_tetris,103.4658,3,4
4robot_180s_tetris,103.4658,5,2
4robot_180s_tetris,103.4658,4,5
4robot_180s_tetris,103.9258,5,3
4robot_180s_tetris,104.0458,4,5
4robot_180s_tetris,104.8858,3,4
4robot_180s_tetris,106.2458,5,2
4robot_180s_tetris,106.2658,3,4
4robot_180s_tetris,106.9858,3,4
4robot_180s_tetris,107.4458,5,3
4robot_180s_tetris,109.2458,5,4
4robot_180s_tetris,109.9658,5,4
4robot_180s_tetris,110.5658,4,5
4robot_180s_tetris,111.0658,4,5
4robot_180s_tetris,111.4458,2,3
4robot_180s_tetris,111.6458,4,5
4robot_180s_tetris,112.8058,4,5
4robot_180s_tetris,113.9858,3,5
4robot_180s_tetris,114.0258,2,3
4robot_180s_tetris,116.1858,2,3
4robot_180s_tetris,116.8658,5,2
4robot_180s_tetris,117.2458,2,3
4robot_180s_tetris,117.2458,5,3
4robot_180s_tetris,118.0258,5,2
4robot_180s_tetris,118.8258,5,4
4robot_180s_tetris,118.8858,5,2
4robot_180s_tetris,119.4658,2,5
4robot_180s_tetris,119.6658,5,4
4robot_180s_tetris,119.9858,2,3
4robot_180s_tetris,121.4258,5,2
4robot_180s_tetris,121.5458,3,4
4robot_180s_tetris,121.6058,5,3
4robot_180s_tetris,122.1658,5,2
4robot_180s_tetris,123.3058,3,4
4robot_180s_tetris,123.9858,4,5
4robot_180s_tetris,123.9858,3,4
4robot_180s_tetris,123.9858,3,5
4robot_180s_tetris,124.1058,2,3
4robot_180s_tetris,124.2258,3,4
4robot_180s_tetris,124.7258,3,5
4robot_180s_tetris,125.0858,5,2
4robot_180s_tetris,125.5858,3,4
4robot_180s_tetris,126.1658,4,5
4robot_180s_tetris,126.4858,4,5
4robot_180s_tetris,126.7658,5,4
4robot_180s_tetris,127.1258,2,3
4robot_180s_tetris,128.3258,3,4
4robot_180s_tetris,128.4458,2,3
4robot_180s_tetris,128.9658,2,3
4robot_180s_tetris,129.1458,4,5
4robot_180s_tetris,130.2058,4,5
4robot_180s_tetris,130.5458,4,5
4robot_180s_tetris,131.1258,5,3
4robot_180s_tetris,131.1258,5,2
4robot_180s_tetris,131.8058,5,4
4robot_180s_tetris,132.0458,4,5
4robot_180s_tetris,132.2658,2,3
4robot_180s_tetris,132.7858,2,3
4robot_180s_tetris,133.0858,3,4
4robot_180s_tetris,133.2458,5,2
4robot_180s_tetris,133.2658,3,4
4robot_180s_tetris,133.8058,2,3
4robot_180s_tetris,133.8058,4,5
4robot_180s_tetris,134.5058,2,3
4robot_180s_tetris,134.5858,4,5
4robot_180s_tetris,135.2458,2,3
4robot_180s_tetris,136.4658,4,5
4robot_180s_tetris,137.1658,5,2
4robot_180s_tetris,137.6858,4,3
4robot_180s_tetris,137.9858,4,5
4robot_180s_tetris,138.2658,4,5
4robot_180s_tetris,138.3258,5,4
4robot_180s_tetris,138.3858,2,3
4robot_180s_tetris,138.7458,3,4
4robot_180s_tetris,139.3058,3,4
4robot_180s_tetris,140.5258,3,5
4robot_180s_tetris,141.0258,4,5
4robot_180s_tetris,141.8058,2,3
4robot_180s_tetris,142.0058,2,3
4robot_180s_tetris,142.6058,3,4
4robot_180s_tetris,143.0858,5,2
4robot_180s_tetris,143.3658,2,3
4robot_180s_tetris,143.3658,5,4
4robot_180s_tetris,145.0658,3,4
4robot_180s_tetris,145.5658,4,5
4robot_180s_tetris,145.9058,4,5
4robot_180s_tetris,146.7258,4,5
4robot_180s_tetris,147.3858,2,3
4robot_180s_tetris,147.6258,4,5
4robot_180s_tetris,147.9058,2,3
4robot_180s_tetris,148.3458,2,3
4robot_180s_tetris,148.3658,5,4
4robot_180s_tetris,148.5458,2,3
4robot_180s_tetris,148.5858,5,4
4robot_180s_tetris,148.8458,4,5
4robot_180s_tetris,152.7058,2,3
4robot_180s_tetris,152.8658,5,4
4robot_180s_tetris,152.9658,2,3
4robot_180s_tetris,153.6658,4,5
4robot_180s_tetris,153.7858,5,4
4robot_180s_tetris,154.2258,4,5
4robot_180s_tetris,154.5258,4,5
4robot_180s_tetris,155.2258,5,3
4robot_180s_tetris,155.5658,4,5
4robot_180s_tetris,155.9058,4,5
4robot_180s_tetris,155.9858,5,3
4robot_180s_tetris,156.1658,2,3
4robot_180s_tetris,156.6658,4,5
4robot_180s_tetris,156.9658,3,4
4robot_180s_tetris,157.0858,2,3
4robot_180s_tetris,157.5258,3,4
4robot_180s_tetris,157.8658,3,4
4robot_180s_tetris,158.0658,3,4
4robot_180s_tetris,158.7658,5,2
4robot_180s_tetris,159.3858,4,5
4robot_180s_tetris,159.5858,4,5
4robot_180s_tetris,160.0858,2,3
4robot_180s_tetris,160.4658,3,4
4robot_180s_tetris,160.8458,4,5
4robot_180s_tetris,161.3658,4,5
4robot_180s_tetris,161.4458,5,3
4robot_180s_tetris,161.9658,5,2
4robot_180s_tetris,162.0058,5,3
4robot_180s_tetris,162.3658,2,3
4robot_180s_tetris,163.2458,3,4
4robot_180s_tetris,163.5858,5,2
4robot_180s_tetris,163.9258,5,4
4robot_180s_tetris,163.9658,3,5
4robot_180s_tetris,164.1258,4,5
4robot_180s_tetris,164.4258,5,4
4robot_180s_tetris,164.6058,5,2
4robot_180s_tetris,164.6658,4,5
4robot_180s_tetris,165.8658,5,3
4robot_180s_tetris,166.8658,3,4
4robot_180s_tetris,167.3458,4,5
4robot_180s_tetris,167.4058,5,4
4robot_180s_tetris,167.7658,5,2
4robot_180s_tetris,167.8858,4,5
4robot_180s_tetris,167.9658,5,2
4robot_180s_tetris,168.4458,5,4
4robot_180s_tetris,168.8258,5,2
4robot_180s_tetris,168.8658,5,3
4robot_180s_tetris,169.1258,5,2
4robot_180s_tetris,169.7458,4,5
4robot_180s_tetris,170.2458,5,3
4robot_180s_tetris,172.4258,5,2
4robot_180s_tetris,172.8658,2,3
4robot_180s_tetris,173.7458,5,4
4robot_180s_tetris,174.2458,5,3
4robot_180s_tetris,175.5258,4,5
4robot_180s_tetris,175.8458,4,5
4robot_180s_tetris,175.9658,5,3
4robot_180s_tetris,176.5658,4,5
4robot_180s_tetris,177.0458,5,4
4robot_180s_tetris,177.1058,4,5
4robot_180s_tetris,177.3258,5,3
4robot_180s_tetris,177.4258,3,5
4robot_180s_tetris,178.0858,5,3
4robot_180s_tetris,178.2858,4,5
4robot_180s_tetris,179.1258,4,5
4robot_180s_tetris,179.7058,4,5
4robot_180s_tetris,180.1858,3,4
4robot_180s_tetris,180.8658,4,5
4robot_180s_tetris,181.4658,5,4
4robot_180s_tetris,183.8858,4,5
4robot_180s_tetris,184.4658,5,4
4robot_180s_tetris,185.0458,4,5
4robot_180s_tetris,185.6258,2,3
4robot_180s_tetris,185.8258,2,3
4robot_180s_tetris,186.1258,2,3
4robot_180s_tetris,186.3258,5,4
4robot_180s_tetris,187.5258,2,3
4robot_180s_tetris,188.0258,4,5
4robot_180s_tetris,188.0658,2,3
4robot_180s_tetris,188.4258,5,2
4robot_180s_tetris,188.4258,5,4
4robot_180s_tetris,188.6858,4,5
4robot_180s_tetris,188.8658,4,5
4robot_180s_tetris,189.7458,4,5
4robot_180s_tetris,189.9658,4,5
4robot_180s_tetris,190.2658,4,5
4robot_180s_tetris,190.3258,5,2
4robot_180s_tetris,190.5258,5,3
4robot_180s_tetris,191.0458,2,3
4robot_180s_tetris,192.4458,5,4
4robot_180s_tetris,192.4658,4,5
4robot_180s_tetris,192.9258,2,3
